STRUCTURE,STRUCTURE_ID,STRUCTURE_NAME,ACTION,REF_AREA,Reference area,FREQ,Frequency of observation,METHODOLOGY,Methodology,MEASURE,Measure,UNIT_MEASURE,Unit of measure,EXPENDITURE,Expenditure,ADJUSTMENT,Adjustment,TRANSFORMATION,Transformation,TIME_PERIOD,Time period,OBS_VALUE,Observation value,OBS_STATUS,Observation status,UNIT_MULT,Unit multiplier,BASE_PER,Base period,DURABILITY,Durability,DECIMALS,Decimals
DATAFLOW,OECD.SDD.TPS:DSD_PRICES@DF_PRICES_ALL(1.0),"Consumer price indices (CPIs, HICPs), COICOP 1999",I,USA,United States,M,Monthly,N,National,CPI,Consumer price index,IX,Index,_T,Total,N,Neither seasonally adjusted nor calendar adjusted,_Z,Not applicable,2019-05,,108.0479,,A,Normal value,,,2015,,,,2,Two
DATAFLOW,OECD.SDD.TPS:DSD_PRICES@DF_PRICES_ALL(1.0),"Consumer price indices (CPIs, HICPs), COICOP 1999",I,USA,United States,M,Monthly,N,National,CPI,Consumer price index,IX,Index,_T,Total,N,Neither seasonally adjusted nor calendar adjusted,_Z,Not applicable,2019-06,,108.0695,,A,Normal value,,,2015,,,,2,Two
DATAFLOW,OECD.SDD.TPS:DSD_PRICES@DF_PRICES_ALL(1.0),"Consumer price indices (CPIs, HICPs), COICOP 1999",I,USA,United States,M,Monthly,N,National,CPI,Consumer price index,IX,Index,_T,Total,N,Neither seasonally adjusted nor calendar adjusted,_Z,Not applicable,2019-07,,108.25,,A,Normal value,,,2015,,,,2,Two
DATAFLOW,OECD.SDD.TPS:DSD_PRICES@DF_PRICES_ALL(1.0),"Consumer price indices (CPIs, HICPs), COICOP 1999",I,USA,United States,M,Monthly,N,National,CPI,Consumer price index,IX,Index,_T,Total,N,Neither seasonally adjusted nor calendar adjusted,_Z,Not applicable,2014-04,,100.0232,,A,Normal value,,,2015,,,,2,Two
DATAFLOW,OECD.SDD.TPS:DSD_PRICES@DF_PRICES_ALL(1.0),"Consumer price indices (CPIs, HICPs), COICOP 1999",I,USA,United States,M,Monthly,N,National,CPI,Consumer price index,IX,Index,_T,Total,N,Neither seasonally adjusted nor calendar adjusted,_Z,Not applicable,2014-05,,100.3725,,A,Normal value,,,2015,,,,2,Two
DATAFLOW,OECD.SDD.TPS:DSD_PRICES@DF_PRICES_ALL(1.0),"Consumer price indices (CPIs, HICPs), COICOP 1999",I,USA,United States,M,Monthly,N,National,CPI,Consumer price index,IX,Index,_T,Total,N,Neither seasonally adjusted nor calendar adjusted,_Z,Not applicable,2014-06,,100.5595,,A,Normal value,,,2015,,,,2,Two
DATAFLOW,OECD.SDD.TPS:DSD_PRICES@DF_PRICES_ALL(1.0),"Consumer price indices (CPIs, HICPs), COICOP 1999",I,USA,United States,M,Monthly,N,National,CPI,Consumer price index,IX,Index,_T,Total,N,Neither seasonally adjusted nor calendar adjusted,_Z,Not applicable,2023-07,,128.9743,,A,Normal value,,,2015,,,,2,Two
DATAFLOW,OECD.SDD.TPS:DSD_PRICES@DF_PRICES_ALL(1.0),"Consumer price indices (CPIs, HICPs), COICOP 1999",I,USA,United States,M,Monthly,N,National,CPI,Consumer price index,IX,Index,_T,Total,N,Neither seasonally adjusted nor calendar adjusted,_Z,Not applicable,2023-08,,129.5375,,A,Normal value,,,2015,,,,2,Two
DATAFLOW,OECD.SDD.TPS:DSD_PRICES@DF_PRICES_ALL(1.0),"Consumer price indices (CPIs, HICPs), COICOP 1999",I,USA,United States,M,Monthly,N,National,CPI,Consumer price index,IX,Index,_T,Total,N,Neither seasonally adjusted nor calendar adjusted,_Z,Not applicable,2014-11,,99.63463,,A,Normal value,,,2015,,,,2,Two
DATAFLOW,OECD.SDD.TPS:DSD_PRICES@DF_PRICES_ALL(1.0),"Consumer price indices (CPIs, HICPs), COICOP 1999",I,USA,United States,M,Monthly,N,National,CPI,Consumer price index,IX,Index,_T,Total,N,Neither seasonally adjusted nor calendar adjusted,_Z,Not applicable,2014-12,,99.06969,,A,Normal value,,,2015,,,,2,Two
DATAFLOW,OECD.SDD.TPS:DSD_PRICES@DF_PRICES_ALL(1.0),"Consumer price indices (CPIs, HICPs), COICOP 1999",I,USA,United States,M,Monthly,N,National,CPI,Consumer price index,IX,Index,_T,Total,N,Neither seasonally adjusted nor calendar adjusted,_Z,Not applicable,2015-01,,98.60348,,A,Normal value,,,2015,,,,2,Two
DATAFLOW,OECD.SDD.TPS:DSD_PRICES@DF_PRICES_ALL(1.0),"Consumer price indices (CPIs, HICPs), COICOP 1999",I,USA,United States,M,Monthly,N,National,CPI,Consumer price index,IX,Index,_T,Total,N,Neither seasonally adjusted nor calendar adjusted,_Z,Not applicable,2015-02,,99.03172,,A,Normal value,,,2015,,,,2,Two
DATAFLOW,OECD.SDD.TPS:DSD_PRICES@DF_PRICES_ALL(1.0),"Consumer price indices (CPIs, HICPs), COICOP 1999",I,USA,United States,M,Monthly,N,National,CPI,Consumer price index,IX,Index,_T,Total,N,Neither seasonally adjusted nor calendar adjusted,_Z,Not applicable,2015-03,,99.62112,,A,Normal value,,,2015,,,,2,Two
DATAFLOW,OECD.SDD.TPS:DSD_PRICES@DF_PRICES_ALL(1.0),"Consumer price indices (CPIs, HICPs), COICOP 1999",I,USA,United States,M,Monthly,N,National,CPI,Consumer price index,IX,Index,_T,Total,N,Neither seasonally adjusted nor calendar adjusted,_Z,Not applicable,2015-04,,99.82364,,A,Normal value,,,2015,,,,2,Two
DATAFLOW,OECD.SDD.TPS:DSD_PRICES@DF_PRICES_ALL(1.0),"Consumer price indices (CPIs, HICPs), COICOP 1999",I,USA,United States,M,Monthly,N,National,CPI,Consumer price index,IX,Index,_T,Total,N,Neither seasonally adjusted nor calendar adjusted,_Z,Not applicable,2015-05,,100.3325,,A,Normal value,,,2015,,,,2,Two
DATAFLOW,OECD.SDD.TPS:DSD_PRICES@DF_PRICES_ALL(1.0),"Consumer price indices (CPIs, HICPs), COICOP 1999",I,USA,United States,M,Monthly,N,National,CPI,Consumer price index,IX,Index,_T,Total,N,Neither seasonally adjusted nor calendar adjusted,_Z,Not applicable,2015-06,,100.6839,,A,Normal value,,,2015,,,,2,Two
DATAFLOW,OECD.SDD.TPS:DSD_PRICES@DF_PRICES_ALL(1.0),"Consumer price indices (CPIs, HICPs), COICOP 1999",I,USA,United States,M,Monthly,N,National,CPI,Consumer price index,IX,Index,_T,Total,N,Neither seasonally adjusted nor calendar adjusted,_Z,Not applicable,2015-07,,100.6907,,A,Normal value,,,2015,,,,2,Two
DATAFLOW,OECD.SDD.TPS:DSD_PRICES@DF_PRICES_ALL(1.0),"Consumer price indices (CPIs, HICPs), COICOP 1999",I,USA,United States,M,Monthly,N,National,CPI,Consumer price index,IX,Index,_T,Total,N,Neither seasonally adjusted nor calendar adjusted,_Z,Not applicable,2015-08,,100.5481,,A,Normal value,,,2015,,,,2,Two
DATAFLOW,OECD.SDD.TPS:DSD_PRICES@DF_PRICES_ALL(1.0),"Consumer price indices (CPIs, HICPs), COICOP 1999",I,USA,United States,M,Monthly,N,National,CPI,Consumer price index,IX,Index,_T,Total,N,Neither seasonally adjusted nor calendar adjusted,_Z,Not applicable,2019-02,,106.6489,,A,Normal value,,,2015,,,,2,Two
DATAFLOW,OECD.SDD.TPS:DSD_PRICES@DF_PRICES_ALL(1.0),"Consumer price indices (CPIs, HICPs), COICOP 1999",I,USA,United States,M,Monthly,N,National,CPI,Consumer price index,IX,Index,_T,Total,N,Neither seasonally adjusted nor calendar adjusted,_Z,Not applicable,2019-03,,107.2505,,A,Normal value,,,2015,,,,2,Two
DATAFLOW,OECD.SDD.TPS:DSD_PRICES@DF_PRICES_ALL(1.0),"Consumer price indices (CPIs, HICPs), COICOP 1999",I,USA,United States,M,Monthly,N,National,CPI,Consumer price index,IX,Index,_T,Total,N,Neither seasonally adjusted nor calendar adjusted,_Z,Not applicable,2016-06,,101.6881,,A,Normal value,,,2015,,,,2,Two
DATAFLOW,OECD.SDD.TPS:DSD_PRICES@DF_PRICES_ALL(1.0),"Consumer price indices (CPIs, HICPs), COICOP 1999",I,USA,United States,M,Monthly,N,National,CPI,Consumer price index,IX,Index,_T,Total,N,Neither seasonally adjusted nor calendar adjusted,_Z,Not applicable,2016-07,,101.5235,,A,Normal value,,,2015,,,,2,Two
DATAFLOW,OECD.SDD.TPS:DSD_PRICES@DF_PRICES_ALL(1.0),"Consumer price indices (CPIs, HICPs), COICOP 1999",I,USA,United States,M,Monthly,N,National,CPI,Consumer price index,IX,Index,_T,Total,N,Neither seasonally adjusted nor calendar adjusted,_Z,Not applicable,2016-08,,101.6168,,A,Normal value,,,2015,,,,2,Two
DATAFLOW,OECD.SDD.TPS:DSD_PRICES@DF_PRICES_ALL(1.0),"Consumer price indices (CPIs, HICPs), COICOP 1999",I,USA,United States,M,Monthly,N,National,CPI,Consumer price index,IX,Index,_T,Total,N,Neither seasonally adjusted nor calendar adjusted,_Z,Not applicable,2016-09,,101.861,,A,Normal value,,,2015,,,,2,Two
DATAFLOW,OECD.SDD.TPS:DSD_PRICES@DF_PRICES_ALL(1.0),"Consumer price indices (CPIs, HICPs), COICOP 1999",I,USA,United States,M,Monthly,N,National,CPI,Consumer price index,IX,Index,_T,Total,N,Neither seasonally adjusted nor calendar adjusted,_Z,Not applicable,2016-10,,101.988,,A,Normal value,,,2015,,,,2,Two
DATAFLOW,OECD.SDD.TPS:DSD_PRICES@DF_PRICES_ALL(1.0),"Consumer price indices (CPIs, HICPs), COICOP 1999",I,USA,United States,M,Monthly,N,National,CPI,Consumer price index,IX,Index,_T,Total,N,Neither seasonally adjusted nor calendar adjusted,_Z,Not applicable,2016-11,,101.8294,,A,Normal value,,,2015,,,,2,Two
DATAFLOW,OECD.SDD.TPS:DSD_PRICES@DF_PRICES_ALL(1.0),"Consumer price indices (CPIs, HICPs), COICOP 1999",I,USA,United States,M,Monthly,N,National,CPI,Consumer price index,IX,Index,_T,Total,N,Neither seasonally adjusted nor calendar adjusted,_Z,Not applicable,2016-12,,101.8627,,A,Normal value,,,2015,,,,2,Two
DATAFLOW,OECD.SDD.TPS:DSD_PRICES@DF_PRICES_ALL(1.0),"Consumer price indices (CPIs, HICPs), COICOP 1999",I,USA,United States,M,Monthly,N,National,CPI,Consumer price index,IX,Index,_T,Total,N,Neither seasonally adjusted nor calendar adjusted,_Z,Not applicable,2017-01,,102.4564,,A,Normal value,,,2015,,,,2,Two
DATAFLOW,OECD.SDD.TPS:DSD_PRICES@DF_PRICES_ALL(1.0),"Consumer price indices (CPIs, HICPs), COICOP 1999",I,USA,United States,M,Monthly,N,National,CPI,Consumer price index,IX,Index,_T,Total,N,Neither seasonally adjusted nor calendar adjusted,_Z,Not applicable,2017-02,,102.7787,,A,Normal value,,,2015,,,,2,Two
DATAFLOW,OECD.SDD.TPS:DSD_PRICES@DF_PRICES_ALL(1.0),"Consumer price indices (CPIs, HICPs), COICOP 1999",I,USA,United States,M,Monthly,N,National,CPI,Consumer price index,IX,Index,_T,Total,N,Neither seasonally adjusted nor calendar adjusted,_Z,Not applicable,2017-03,,102.8622,,A,Normal value,,,2015,,,,2,Two
DATAFLOW,OECD.SDD.TPS:DSD_PRICES@DF_PRICES_ALL(1.0),"Consumer price indices (CPIs, HICPs), COICOP 1999",I,USA,United States,M,Monthly,N,National,CPI,Consumer price index,IX,Index,_T,Total,N,Neither seasonally adjusted nor calendar adjusted,_Z,Not applicable,2017-04,,103.1673,,A,Normal value,,,2015,,,,2,Two
DATAFLOW,OECD.SDD.TPS:DSD_PRICES@DF_PRICES_ALL(1.0),"Consumer price indices (CPIs, HICPs), COICOP 1999",I,USA,United States,M,Monthly,N,National,CPI,Consumer price index,IX,Index,_T,Total,N,Neither seasonally adjusted nor calendar adjusted,_Z,Not applicable,2017-05,,103.2555,,A,Normal value,,,2015,,,,2,Two
DATAFLOW,OECD.SDD.TPS:DSD_PRICES@DF_PRICES_ALL(1.0),"Consumer price indices (CPIs, HICPs), COICOP 1999",I,USA,United States,M,Monthly,N,National,CPI,Consumer price index,IX,Index,_T,Total,N,Neither seasonally adjusted nor calendar adjusted,_Z,Not applicable,2017-06,,103.3491,,A,Normal value,,,2015,,,,2,Two
DATAFLOW,OECD.SDD.TPS:DSD_PRICES@DF_PRICES_ALL(1.0),"Consumer price indices (CPIs, HICPs), COICOP 1999",I,USA,United States,M,Monthly,N,National,CPI,Consumer price index,IX,Index,_T,Total,N,Neither seasonally adjusted nor calendar adjusted,_Z,Not applicable,2017-07,,103.2778,,A,Normal value,,,2015,,,,2,Two
DATAFLOW,OECD.SDD.TPS:DSD_PRICES@DF_PRICES_ALL(1.0),"Consumer price indices (CPIs, HICPs), COICOP 1999",I,USA,United States,M,Monthly,N,National,CPI,Consumer price index,IX,Index,_T,Total,N,Neither seasonally adjusted nor calendar adjusted,_Z,Not applicable,2017-08,,103.5871,,A,Normal value,,,2015,,,,2,Two
DATAFLOW,OECD.SDD.TPS:DSD_PRICES@DF_PRICES_ALL(1.0),"Consumer price indices (CPIs, HICPs), COICOP 1999",I,USA,United States,M,Monthly,N,National,CPI,Consumer price index,IX,Index,_T,Total,N,Neither seasonally adjusted nor calendar adjusted,_Z,Not applicable,2017-09,,104.1356,,A,Normal value,,,2015,,,,2,Two
DATAFLOW,OECD.SDD.TPS:DSD_PRICES@DF_PRICES_ALL(1.0),"Consumer price indices (CPIs, HICPs), COICOP 1999",I,USA,United States,M,Monthly,N,National,CPI,Consumer price index,IX,Index,_T,Total,N,Neither seasonally adjusted nor calendar adjusted,_Z,Not applicable,2017-10,,104.0697,,A,Normal value,,,2015,,,,2,Two
DATAFLOW,OECD.SDD.TPS:DSD_PRICES@DF_PRICES_ALL(1.0),"Consumer price indices (CPIs, HICPs), COICOP 1999",I,USA,United States,M,Monthly,N,National,CPI,Consumer price index,IX,Index,_T,Total,N,Neither seasonally adjusted nor calendar adjusted,_Z,Not applicable,2017-11,,104.0723,,A,Normal value,,,2015,,,,2,Two
DATAFLOW,OECD.SDD.TPS:DSD_PRICES@DF_PRICES_ALL(1.0),"Consumer price indices (CPIs, HICPs), COICOP 1999",I,USA,United States,M,Monthly,N,National,CPI,Consumer price index,IX,Index,_T,Total,N,Neither seasonally adjusted nor calendar adjusted,_Z,Not applicable,2017-12,,104.0111,,A,Normal value,,,2015,,,,2,Two
DATAFLOW,OECD.SDD.TPS:DSD_PRICES@DF_PRICES_ALL(1.0),"Consumer price indices (CPIs, HICPs), COICOP 1999",I,USA,United States,M,Monthly,N,National,CPI,Consumer price index,IX,Index,_T,Total,N,Neither seasonally adjusted nor calendar adjusted,_Z,Not applicable,2018-01,,104.5777,,A,Normal value,,,2015,,,,2,Two
DATAFLOW,OECD.SDD.TPS:DSD_PRICES@DF_PRICES_ALL(1.0),"Consumer price indices (CPIs, HICPs), COICOP 1999",I,USA,United States,M,Monthly,N,National,CPI,Consumer price index,IX,Index,_T,Total,N,Neither seasonally adjusted nor calendar adjusted,_Z,Not applicable,2018-02,,105.052,,A,Normal value,,,2015,,,,2,Two
DATAFLOW,OECD.SDD.TPS:DSD_PRICES@DF_PRICES_ALL(1.0),"Consumer price indices (CPIs, HICPs), COICOP 1999",I,USA,United States,M,Monthly,N,National,CPI,Consumer price index,IX,Index,_T,Total,N,Neither seasonally adjusted nor calendar adjusted,_Z,Not applicable,2018-03,,105.2895,,A,Normal value,,,2015,,,,2,Two
DATAFLOW,OECD.SDD.TPS:DSD_PRICES@DF_PRICES_ALL(1.0),"Consumer price indices (CPIs, HICPs), COICOP 1999",I,USA,United States,M,Monthly,N,National,CPI,Consumer price index,IX,Index,_T,Total,N,Neither seasonally adjusted nor calendar adjusted,_Z,Not applicable,2024-02,,130.9299,,A,Normal value,,,2015,,,,2,Two
DATAFLOW,OECD.SDD.TPS:DSD_PRICES@DF_PRICES_ALL(1.0),"Consumer price indices (CPIs, HICPs), COICOP 1999",I,USA,United States,M,Monthly,N,National,CPI,Consumer price index,IX,Index,_T,Total,N,Neither seasonally adjusted nor calendar adjusted,_Z,Not applicable,2024-03,,131.7762,,A,Normal value,,,2015,,,,2,Two
DATAFLOW,OECD.SDD.TPS:DSD_PRICES@DF_PRICES_ALL(1.0),"Consumer price indices (CPIs, HICPs), COICOP 1999",I,USA,United States,M,Monthly,N,National,CPI,Consumer price index,IX,Index,_T,Total,N,Neither seasonally adjusted nor calendar adjusted,_Z,Not applicable,2024-04,,132.2892,,A,Normal value,,,2015,,,,2,Two
DATAFLOW,OECD.SDD.TPS:DSD_PRICES@DF_PRICES_ALL(1.0),"Consumer price indices (CPIs, HICPs), COICOP 1999",I,USA,United States,M,Monthly,N,National,CPI,Consumer price index,IX,Index,_T,Total,N,Neither seasonally adjusted nor calendar adjusted,_Z,Not applicable,2019-08,,108.2446,,A,Normal value,,,2015,,,,2,Two
DATAFLOW,OECD.SDD.TPS:DSD_PRICES@DF_PRICES_ALL(1.0),"Consumer price indices (CPIs, HICPs), COICOP 1999",I,USA,United States,M,Monthly,N,National,CPI,Consumer price index,IX,Index,_T,Total,N,Neither seasonally adjusted nor calendar adjusted,_Z,Not applicable,2019-09,,108.3294,,A,Normal value,,,2015,,,,2,Two
DATAFLOW,OECD.SDD.TPS:DSD_PRICES@DF_PRICES_ALL(1.0),"Consumer price indices (CPIs, HICPs), COICOP 1999",I,USA,United States,M,Monthly,N,National,CPI,Consumer price index,IX,Index,_T,Total,N,Neither seasonally adjusted nor calendar adjusted,_Z,Not applicable,2019-10,,108.577,,A,Normal value,,,2015,,,,2,Two
DATAFLOW,OECD.SDD.TPS:DSD_PRICES@DF_PRICES_ALL(1.0),"Consumer price indices (CPIs, HICPs), COICOP 1999",I,USA,United States,M,Monthly,N,National,CPI,Consumer price index,IX,Index,_T,Total,N,Neither seasonally adjusted nor calendar adjusted,_Z,Not applicable,2019-11,,108.5188,,A,Normal value,,,2015,,,,2,Two
DATAFLOW,OECD.SDD.TPS:DSD_PRICES@DF_PRICES_ALL(1.0),"Consumer price indices (CPIs, HICPs), COICOP 1999",I,USA,United States,M,Monthly,N,National,CPI,Consumer price index,IX,Index,_T,Total,N,Neither seasonally adjusted nor calendar adjusted,_Z,Not applicable,2019-12,,108.4201,,A,Normal value,,,2015,,,,2,Two
DATAFLOW,OECD.SDD.TPS:DSD_PRICES@DF_PRICES_ALL(1.0),"Consumer price indices (CPIs, HICPs), COICOP 1999",I,USA,United States,M,Monthly,N,National,CPI,Consumer price index,IX,Index,_T,Total,N,Neither seasonally adjusted nor calendar adjusted,_Z,Not applicable,2020-01,,108.8407,,A,Normal value,,,2015,,,,2,Two
DATAFLOW,OECD.SDD.TPS:DSD_PRICES@DF_PRICES_ALL(1.0),"Consumer price indices (CPIs, HICPs), COICOP 1999",I,USA,United States,M,Monthly,N,National,CPI,Consumer price index,IX,Index,_T,Total,N,Neither seasonally adjusted nor calendar adjusted,_Z,Not applicable,2020-02,,109.139,,A,Normal value,,,2015,,,,2,Two
DATAFLOW,OECD.SDD.TPS:DSD_PRICES@DF_PRICES_ALL(1.0),"Consumer price indices (CPIs, HICPs), COICOP 1999",I,USA,United States,M,Monthly,N,National,CPI,Consumer price index,IX,Index,_T,Total,N,Neither seasonally adjusted nor calendar adjusted,_Z,Not applicable,2020-03,,108.9015,,A,Normal value,,,2015,,,,2,Two
DATAFLOW,OECD.SDD.TPS:DSD_PRICES@DF_PRICES_ALL(1.0),"Consumer price indices (CPIs, HICPs), COICOP 1999",I,USA,United States,M,Monthly,N,National,CPI,Consumer price index,IX,Index,_T,Total,N,Neither seasonally adjusted nor calendar adjusted,_Z,Not applicable,2020-04,,108.1733,,A,Normal value,,,2015,,,,2,Two
DATAFLOW,OECD.SDD.TPS:DSD_PRICES@DF_PRICES_ALL(1.0),"Consumer price indices (CPIs, HICPs), COICOP 1999",I,USA,United States,M,Monthly,N,National,CPI,Consumer price index,IX,Index,_T,Total,N,Neither seasonally adjusted nor calendar adjusted,_Z,Not applicable,2020-05,,108.1754,,A,Normal value,,,2015,,,,2,Two
DATAFLOW,OECD.SDD.TPS:DSD_PRICES@DF_PRICES_ALL(1.0),"Consumer price indices (CPIs, HICPs), COICOP 1999",I,USA,United States,M,Monthly,N,National,CPI,Consumer price index,IX,Index,_T,Total,N,Neither seasonally adjusted nor calendar adjusted,_Z,Not applicable,2020-06,,108.7673,,A,Normal value,,,2015,,,,2,Two
DATAFLOW,OECD.SDD.TPS:DSD_PRICES@DF_PRICES_ALL(1.0),"Consumer price indices (CPIs, HICPs), COICOP 1999",I,USA,United States,M,Monthly,N,National,CPI,Consumer price index,IX,Index,_T,Total,N,Neither seasonally adjusted nor calendar adjusted,_Z,Not applicable,2020-07,,109.3175,,A,Normal value,,,2015,,,,2,Two
DATAFLOW,OECD.SDD.TPS:DSD_PRICES@DF_PRICES_ALL(1.0),"Consumer price indices (CPIs, HICPs), COICOP 1999",I,USA,United States,M,Monthly,N,National,CPI,Consumer price index,IX,Index,_T,Total,N,Neither seasonally adjusted nor calendar adjusted,_Z,Not applicable,2020-08,,109.6622,,A,Normal value,,,2015,,,,2,Two
DATAFLOW,OECD.SDD.TPS:DSD_PRICES@DF_PRICES_ALL(1.0),"Consumer price indices (CPIs, HICPs), COICOP 1999",I,USA,United States,M,Monthly,N,National,CPI,Consumer price index,IX,Index,_T,Total,N,Neither seasonally adjusted nor calendar adjusted,_Z,Not applicable,2020-09,,109.8149,,A,Normal value,,,2015,,,,2,Two
DATAFLOW,OECD.SDD.TPS:DSD_PRICES@DF_PRICES_ALL(1.0),"Consumer price indices (CPIs, HICPs), COICOP 1999",I,USA,United States,M,Monthly,N,National,CPI,Consumer price index,IX,Index,_T,Total,N,Neither seasonally adjusted nor calendar adjusted,_Z,Not applicable,2020-10,,109.8605,,A,Normal value,,,2015,,,,2,Two
DATAFLOW,OECD.SDD.TPS:DSD_PRICES@DF_PRICES_ALL(1.0),"Consumer price indices (CPIs, HICPs), COICOP 1999",I,USA,United States,M,Monthly,N,National,CPI,Consumer price index,IX,Index,_T,Total,N,Neither seasonally adjusted nor calendar adjusted,_Z,Not applicable,2020-11,,109.7934,,A,Normal value,,,2015,,,,2,Two
DATAFLOW,OECD.SDD.TPS:DSD_PRICES@DF_PRICES_ALL(1.0),"Consumer price indices (CPIs, HICPs), COICOP 1999",I,USA,United States,M,Monthly,N,National,CPI,Consumer price index,IX,Index,_T,Total,N,Neither seasonally adjusted nor calendar adjusted,_Z,Not applicable,2020-12,,109.8968,,A,Normal value,,,2015,,,,2,Two
DATAFLOW,OECD.SDD.TPS:DSD_PRICES@DF_PRICES_ALL(1.0),"Consumer price indices (CPIs, HICPs), COICOP 1999",I,USA,United States,M,Monthly,N,National,CPI,Consumer price index,IX,Index,_T,Total,N,Neither seasonally adjusted nor calendar adjusted,_Z,Not applicable,2021-01,,110.3642,,A,Normal value,,,2015,,,,2,Two
DATAFLOW,OECD.SDD.TPS:DSD_PRICES@DF_PRICES_ALL(1.0),"Consumer price indices (CPIs, HICPs), COICOP 1999",I,USA,United States,M,Monthly,N,National,CPI,Consumer price index,IX,Index,_T,Total,N,Neither seasonally adjusted nor calendar adjusted,_Z,Not applicable,2021-02,,110.9684,,A,Normal value,,,2015,,,,2,Two
DATAFLOW,OECD.SDD.TPS:DSD_PRICES@DF_PRICES_ALL(1.0),"Consumer price indices (CPIs, HICPs), COICOP 1999",I,USA,United States,M,Monthly,N,National,CPI,Consumer price index,IX,Index,_T,Total,N,Neither seasonally adjusted nor calendar adjusted,_Z,Not applicable,2021-03,,111.7544,,A,Normal value,,,2015,,,,2,Two
DATAFLOW,OECD.SDD.TPS:DSD_PRICES@DF_PRICES_ALL(1.0),"Consumer price indices (CPIs, HICPs), COICOP 1999",I,USA,United States,M,Monthly,N,National,CPI,Consumer price index,IX,Index,_T,Total,N,Neither seasonally adjusted nor calendar adjusted,_Z,Not applicable,2021-04,,112.6729,,A,Normal value,,,2015,,,,2,Two
DATAFLOW,OECD.SDD.TPS:DSD_PRICES@DF_PRICES_ALL(1.0),"Consumer price indices (CPIs, HICPs), COICOP 1999",I,USA,United States,M,Monthly,N,National,CPI,Consumer price index,IX,Index,_T,Total,N,Neither seasonally adjusted nor calendar adjusted,_Z,Not applicable,2021-05,,113.5762,,A,Normal value,,,2015,,,,2,Two
DATAFLOW,OECD.SDD.TPS:DSD_PRICES@DF_PRICES_ALL(1.0),"Consumer price indices (CPIs, HICPs), COICOP 1999",I,USA,United States,M,Monthly,N,National,CPI,Consumer price index,IX,Index,_T,Total,N,Neither seasonally adjusted nor calendar adjusted,_Z,Not applicable,2021-06,,114.6314,,A,Normal value,,,2015,,,,2,Two
DATAFLOW,OECD.SDD.TPS:DSD_PRICES@DF_PRICES_ALL(1.0),"Consumer price indices (CPIs, HICPs), COICOP 1999",I,USA,United States,M,Monthly,N,National,CPI,Consumer price index,IX,Index,_T,Total,N,Neither seasonally adjusted nor calendar adjusted,_Z,Not applicable,2021-07,,115.1829,,A,Normal value,,,2015,,,,2,Two
DATAFLOW,OECD.SDD.TPS:DSD_PRICES@DF_PRICES_ALL(1.0),"Consumer price indices (CPIs, HICPs), COICOP 1999",I,USA,United States,M,Monthly,N,National,CPI,Consumer price index,IX,Index,_T,Total,N,Neither seasonally adjusted nor calendar adjusted,_Z,Not applicable,2021-08,,115.4208,,A,Normal value,,,2015,,,,2,Two
DATAFLOW,OECD.SDD.TPS:DSD_PRICES@DF_PRICES_ALL(1.0),"Consumer price indices (CPIs, HICPs), COICOP 1999",I,USA,United States,M,Monthly,N,National,CPI,Consumer price index,IX,Index,_T,Total,N,Neither seasonally adjusted nor calendar adjusted,_Z,Not applicable,2021-09,,115.7343,,A,Normal value,,,2015,,,,2,Two
DATAFLOW,OECD.SDD.TPS:DSD_PRICES@DF_PRICES_ALL(1.0),"Consumer price indices (CPIs, HICPs), COICOP 1999",I,USA,United States,M,Monthly,N,National,CPI,Consumer price index,IX,Index,_T,Total,N,Neither seasonally adjusted nor calendar adjusted,_Z,Not applicable,2021-10,,116.6958,,A,Normal value,,,2015,,,,2,Two
DATAFLOW,OECD.SDD.TPS:DSD_PRICES@DF_PRICES_ALL(1.0),"Consumer price indices (CPIs, HICPs), COICOP 1999",I,USA,United States,M,Monthly,N,National,CPI,Consumer price index,IX,Index,_T,Total,N,Neither seasonally adjusted nor calendar adjusted,_Z,Not applicable,2021-11,,117.2692,,A,Normal value,,,2015,,,,2,Two
DATAFLOW,OECD.SDD.TPS:DSD_PRICES@DF_PRICES_ALL(1.0),"Consumer price indices (CPIs, HICPs), COICOP 1999",I,USA,United States,M,Monthly,N,National,CPI,Consumer price index,IX,Index,_T,Total,N,Neither seasonally adjusted nor calendar adjusted,_Z,Not applicable,2021-12,,117.6295,,A,Normal value,,,2015,,,,2,Two
DATAFLOW,OECD.SDD.TPS:DSD_PRICES@DF_PRICES_ALL(1.0),"Consumer price indices (CPIs, HICPs), COICOP 1999",I,USA,United States,M,Monthly,N,National,CPI,Consumer price index,IX,Index,_T,Total,N,Neither seasonally adjusted nor calendar adjusted,_Z,Not applicable,2022-01,,118.6193,,A,Normal value,,,2015,,,,2,Two
DATAFLOW,OECD.SDD.TPS:DSD_PRICES@DF_PRICES_ALL(1.0),"Consumer price indices (CPIs, HICPs), COICOP 1999",I,USA,United States,M,Monthly,N,National,CPI,Consumer price index,IX,Index,_T,Total,N,Neither seasonally adjusted nor calendar adjusted,_Z,Not applicable,2022-02,,119.7028,,A,Normal value,,,2015,,,,2,Two
DATAFLOW,OECD.SDD.TPS:DSD_PRICES@DF_PRICES_ALL(1.0),"Consumer price indices (CPIs, HICPs), COICOP 1999",I,USA,United States,M,Monthly,N,National,CPI,Consumer price index,IX,Index,_T,Total,N,Neither seasonally adjusted nor calendar adjusted,_Z,Not applicable,2022-03,,121.301,,A,Normal value,,,2015,,,,2,Two
DATAFLOW,OECD.SDD.TPS:DSD_PRICES@DF_PRICES_ALL(1.0),"Consumer price indices (CPIs, HICPs), COICOP 1999",I,USA,United States,M,Monthly,N,National,CPI,Consumer price index,IX,Index,_T,Total,N,Neither seasonally adjusted nor calendar adjusted,_Z,Not applicable,2022-04,,121.9782,,A,Normal value,,,2015,,,,2,Two
DATAFLOW,OECD.SDD.TPS:DSD_PRICES@DF_PRICES_ALL(1.0),"Consumer price indices (CPIs, HICPs), COICOP 1999",I,USA,United States,M,Monthly,N,National,CPI,Consumer price index,IX,Index,_T,Total,N,Neither seasonally adjusted nor calendar adjusted,_Z,Not applicable,2022-05,,123.3228,,A,Normal value,,,2015,,,,2,Two
DATAFLOW,OECD.SDD.TPS:DSD_PRICES@DF_PRICES_ALL(1.0),"Consumer price indices (CPIs, HICPs), COICOP 1999",I,USA,United States,M,Monthly,N,National,CPI,Consumer price index,IX,Index,_T,Total,N,Neither seasonally adjusted nor calendar adjusted,_Z,Not applicable,2022-06,,125.0168,,A,Normal value,,,2015,,,,2,Two
DATAFLOW,OECD.SDD.TPS:DSD_PRICES@DF_PRICES_ALL(1.0),"Consumer price indices (CPIs, HICPs), COICOP 1999",I,USA,United States,M,Monthly,N,National,CPI,Consumer price index,IX,Index,_T,Total,N,Neither seasonally adjusted nor calendar adjusted,_Z,Not applicable,2022-07,,125.002,,A,Normal value,,,2015,,,,2,Two
DATAFLOW,OECD.SDD.TPS:DSD_PRICES@DF_PRICES_ALL(1.0),"Consumer price indices (CPIs, HICPs), COICOP 1999",I,USA,United States,M,Monthly,N,National,CPI,Consumer price index,IX,Index,_T,Total,N,Neither seasonally adjusted nor calendar adjusted,_Z,Not applicable,2022-08,,124.9577,,A,Normal value,,,2015,,,,2,Two
DATAFLOW,OECD.SDD.TPS:DSD_PRICES@DF_PRICES_ALL(1.0),"Consumer price indices (CPIs, HICPs), COICOP 1999",I,USA,United States,M,Monthly,N,National,CPI,Consumer price index,IX,Index,_T,Total,N,Neither seasonally adjusted nor calendar adjusted,_Z,Not applicable,2022-09,,125.2265,,A,Normal value,,,2015,,,,2,Two
DATAFLOW,OECD.SDD.TPS:DSD_PRICES@DF_PRICES_ALL(1.0),"Consumer price indices (CPIs, HICPs), COICOP 1999",I,USA,United States,M,Monthly,N,National,CPI,Consumer price index,IX,Index,_T,Total,N,Neither seasonally adjusted nor calendar adjusted,_Z,Not applicable,2022-10,,125.7344,,A,Normal value,,,2015,,,,2,Two
DATAFLOW,OECD.SDD.TPS:DSD_PRICES@DF_PRICES_ALL(1.0),"Consumer price indices (CPIs, HICPs), COICOP 1999",I,USA,United States,M,Monthly,N,National,CPI,Consumer price index,IX,Index,_T,Total,N,Neither seasonally adjusted nor calendar adjusted,_Z,Not applicable,2022-11,,125.6074,,A,Normal value,,,2015,,,,2,Two
DATAFLOW,OECD.SDD.TPS:DSD_PRICES@DF_PRICES_ALL(1.0),"Consumer price indices (CPIs, HICPs), COICOP 1999",I,USA,United States,M,Monthly,N,National,CPI,Consumer price index,IX,Index,_T,Total,N,Neither seasonally adjusted nor calendar adjusted,_Z,Not applicable,2022-12,,125.2218,,A,Normal value,,,2015,,,,2,Two
DATAFLOW,OECD.SDD.TPS:DSD_PRICES@DF_PRICES_ALL(1.0),"Consumer price indices (CPIs, HICPs), COICOP 1999",I,USA,United States,M,Monthly,N,National,CPI,Consumer price index,IX,Index,_T,Total,N,Neither seasonally adjusted nor calendar adjusted,_Z,Not applicable,2023-01,,126.223,,A,Normal value,,,2015,,,,2,Two
DATAFLOW,OECD.SDD.TPS:DSD_PRICES@DF_PRICES_ALL(1.0),"Consumer price indices (CPIs, HICPs), COICOP 1999",I,USA,United States,M,Monthly,N,National,CPI,Consumer price index,IX,Index,_T,Total,N,Neither seasonally adjusted nor calendar adjusted,_Z,Not applicable,2023-02,,126.9276,,A,Normal value,,,2015,,,,2,Two
DATAFLOW,OECD.SDD.TPS:DSD_PRICES@DF_PRICES_ALL(1.0),"Consumer price indices (CPIs, HICPs), COICOP 1999",I,USA,United States,M,Monthly,N,National,CPI,Consumer price index,IX,Index,_T,Total,N,Neither seasonally adjusted nor calendar adjusted,_Z,Not applicable,2023-03,,127.3478,,A,Normal value,,,2015,,,,2,Two
DATAFLOW,OECD.SDD.TPS:DSD_PRICES@DF_PRICES_ALL(1.0),"Consumer price indices (CPIs, HICPs), COICOP 1999",I,USA,United States,M,Monthly,N,National,CPI,Consumer price index,IX,Index,_T,Total,N,Neither seasonally adjusted nor calendar adjusted,_Z,Not applicable,2023-04,,127.9921,,A,Normal value,,,2015,,,,2,Two
DATAFLOW,OECD.SDD.TPS:DSD_PRICES@DF_PRICES_ALL(1.0),"Consumer price indices (CPIs, HICPs), COICOP 1999",I,USA,United States,M,Monthly,N,National,CPI,Consumer price index,IX,Index,_T,Total,N,Neither seasonally adjusted nor calendar adjusted,_Z,Not applicable,2023-05,,128.3144,,A,Normal value,,,2015,,,,2,Two
DATAFLOW,OECD.SDD.TPS:DSD_PRICES@DF_PRICES_ALL(1.0),"Consumer price indices (CPIs, HICPs), COICOP 1999",I,USA,United States,M,Monthly,N,National,CPI,Consumer price index,IX,Index,_T,Total,N,Neither seasonally adjusted nor calendar adjusted,_Z,Not applicable,2023-06,,128.7287,,A,Normal value,,,2015,,,,2,Two
DATAFLOW,OECD.SDD.TPS:DSD_PRICES@DF_PRICES_ALL(1.0),"Consumer price indices (CPIs, HICPs), COICOP 1999",I,USA,United States,M,Monthly,N,National,CPI,Consumer price index,IX,Index,_T,Total,N,Neither seasonally adjusted nor calendar adjusted,_Z,Not applicable,2015-09,,100.3915,,A,Normal value,,,2015,,,,2,Two
DATAFLOW,OECD.SDD.TPS:DSD_PRICES@DF_PRICES_ALL(1.0),"Consumer price indices (CPIs, HICPs), COICOP 1999",I,USA,United States,M,Monthly,N,National,CPI,Consumer price index,IX,Index,_T,Total,N,Neither seasonally adjusted nor calendar adjusted,_Z,Not applicable,2014-01,,98.69166,,A,Normal value,,,2015,,,,2,Two
DATAFLOW,OECD.SDD.TPS:DSD_PRICES@DF_PRICES_ALL(1.0),"Consumer price indices (CPIs, HICPs), COICOP 1999",I,USA,United States,M,Monthly,N,National,CPI,Consumer price index,IX,Index,_T,Total,N,Neither seasonally adjusted nor calendar adjusted,_Z,Not applicable,2014-02,,99.05661,,A,Normal value,,,2015,,,,2,Two
DATAFLOW,OECD.SDD.TPS:DSD_PRICES@DF_PRICES_ALL(1.0),"Consumer price indices (CPIs, HICPs), COICOP 1999",I,USA,United States,M,Monthly,N,National,CPI,Consumer price index,IX,Index,_T,Total,N,Neither seasonally adjusted nor calendar adjusted,_Z,Not applicable,2014-03,,99.69453,,A,Normal value,,,2015,,,,2,Two
DATAFLOW,OECD.SDD.TPS:DSD_PRICES@DF_PRICES_ALL(1.0),"Consumer price indices (CPIs, HICPs), COICOP 1999",I,USA,United States,M,Monthly,N,National,CPI,Consumer price index,IX,Index,_T,Total,N,Neither seasonally adjusted nor calendar adjusted,_Z,Not applicable,2016-04,,100.9468,,A,Normal value,,,2015,,,,2,Two
DATAFLOW,OECD.SDD.TPS:DSD_PRICES@DF_PRICES_ALL(1.0),"Consumer price indices (CPIs, HICPs), COICOP 1999",I,USA,United States,M,Monthly,N,National,CPI,Consumer price index,IX,Index,_T,Total,N,Neither seasonally adjusted nor calendar adjusted,_Z,Not applicable,2016-05,,101.3552,,A,Normal value,,,2015,,,,2,Two
DATAFLOW,OECD.SDD.TPS:DSD_PRICES@DF_PRICES_ALL(1.0),"Consumer price indices (CPIs, HICPs), COICOP 1999",I,USA,United States,M,Monthly,N,National,CPI,Consumer price index,IX,Index,_T,Total,N,Neither seasonally adjusted nor calendar adjusted,_Z,Not applicable,2023-09,,129.8595,,A,Normal value,,,2015,,,,2,Two
DATAFLOW,OECD.SDD.TPS:DSD_PRICES@DF_PRICES_ALL(1.0),"Consumer price indices (CPIs, HICPs), COICOP 1999",I,USA,United States,M,Monthly,N,National,CPI,Consumer price index,IX,Index,_T,Total,N,Neither seasonally adjusted nor calendar adjusted,_Z,Not applicable,2023-10,,129.8097,,A,Normal value,,,2015,,,,2,Two
DATAFLOW,OECD.SDD.TPS:DSD_PRICES@DF_PRICES_ALL(1.0),"Consumer price indices (CPIs, HICPs), COICOP 1999",I,USA,United States,M,Monthly,N,National,CPI,Consumer price index,IX,Index,_T,Total,N,Neither seasonally adjusted nor calendar adjusted,_Z,Not applicable,2023-11,,129.5481,,A,Normal value,,,2015,,,,2,Two
DATAFLOW,OECD.SDD.TPS:DSD_PRICES@DF_PRICES_ALL(1.0),"Consumer price indices (CPIs, HICPs), COICOP 1999",I,USA,United States,M,Monthly,N,National,CPI,Consumer price index,IX,Index,_T,Total,N,Neither seasonally adjusted nor calendar adjusted,_Z,Not applicable,2023-12,,129.4194,,A,Normal value,,,2015,,,,2,Two
DATAFLOW,OECD.SDD.TPS:DSD_PRICES@DF_PRICES_ALL(1.0),"Consumer price indices (CPIs, HICPs), COICOP 1999",I,USA,United States,M,Monthly,N,National,CPI,Consumer price index,IX,Index,_T,Total,N,Neither seasonally adjusted nor calendar adjusted,_Z,Not applicable,2024-01,,130.1244,,A,Normal value,,,2015,,,,2,Two
DATAFLOW,OECD.SDD.TPS:DSD_PRICES@DF_PRICES_ALL(1.0),"Consumer price indices (CPIs, HICPs), COICOP 1999",I,USA,United States,M,Monthly,N,National,CPI,Consumer price index,IX,Index,_T,Total,N,Neither seasonally adjusted nor calendar adjusted,_Z,Not applicable,2015-10,,100.3464,,A,Normal value,,,2015,,,,2,Two
DATAFLOW,OECD.SDD.TPS:DSD_PRICES@DF_PRICES_ALL(1.0),"Consumer price indices (CPIs, HICPs), COICOP 1999",I,USA,United States,M,Monthly,N,National,CPI,Consumer price index,IX,Index,_T,Total,N,Neither seasonally adjusted nor calendar adjusted,_Z,Not applicable,2015-11,,100.1346,,A,Normal value,,,2015,,,,2,Two
DATAFLOW,OECD.SDD.TPS:DSD_PRICES@DF_PRICES_ALL(1.0),"Consumer price indices (CPIs, HICPs), COICOP 1999",I,USA,United States,M,Monthly,N,National,CPI,Consumer price index,IX,Index,_T,Total,N,Neither seasonally adjusted nor calendar adjusted,_Z,Not applicable,2015-12,,99.79242,,A,Normal value,,,2015,,,,2,Two
DATAFLOW,OECD.SDD.TPS:DSD_PRICES@DF_PRICES_ALL(1.0),"Consumer price indices (CPIs, HICPs), COICOP 1999",I,USA,United States,M,Monthly,N,National,CPI,Consumer price index,IX,Index,_T,Total,N,Neither seasonally adjusted nor calendar adjusted,_Z,Not applicable,2016-01,,99.95739,,A,Normal value,,,2015,,,,2,Two
DATAFLOW,OECD.SDD.TPS:DSD_PRICES@DF_PRICES_ALL(1.0),"Consumer price indices (CPIs, HICPs), COICOP 1999",I,USA,United States,M,Monthly,N,National,CPI,Consumer price index,IX,Index,_T,Total,N,Neither seasonally adjusted nor calendar adjusted,_Z,Not applicable,2016-02,,100.0397,,A,Normal value,,,2015,,,,2,Two
DATAFLOW,OECD.SDD.TPS:DSD_PRICES@DF_PRICES_ALL(1.0),"Consumer price indices (CPIs, HICPs), COICOP 1999",I,USA,United States,M,Monthly,N,National,CPI,Consumer price index,IX,Index,_T,Total,N,Neither seasonally adjusted nor calendar adjusted,_Z,Not applicable,2016-03,,100.4704,,A,Normal value,,,2015,,,,2,Two
DATAFLOW,OECD.SDD.TPS:DSD_PRICES@DF_PRICES_ALL(1.0),"Consumer price indices (CPIs, HICPs), COICOP 1999",I,USA,United States,M,Monthly,N,National,CPI,Consumer price index,IX,Index,_T,Total,N,Neither seasonally adjusted nor calendar adjusted,_Z,Not applicable,2024-05,,132.5091,,A,Normal value,,,2015,,,,2,Two
DATAFLOW,OECD.SDD.TPS:DSD_PRICES@DF_PRICES_ALL(1.0),"Consumer price indices (CPIs, HICPs), COICOP 1999",I,USA,United States,M,Monthly,N,National,CPI,Consumer price index,IX,Index,_T,Total,N,Neither seasonally adjusted nor calendar adjusted,_Z,Not applicable,2024-06,,132.5538,,A,Normal value,,,2015,,,,2,Two
DATAFLOW,OECD.SDD.TPS:DSD_PRICES@DF_PRICES_ALL(1.0),"Consumer price indices (CPIs, HICPs), COICOP 1999",I,USA,United States,M,Monthly,N,National,CPI,Consumer price index,IX,Index,_T,Total,N,Neither seasonally adjusted nor calendar adjusted,_Z,Not applicable,2024-07,,132.7078,,A,Normal value,,,2015,,,,2,Two
DATAFLOW,OECD.SDD.TPS:DSD_PRICES@DF_PRICES_ALL(1.0),"Consumer price indices (CPIs, HICPs), COICOP 1999",I,USA,United States,M,Monthly,N,National,CPI,Consumer price index,IX,Index,_T,Total,N,Neither seasonally adjusted nor calendar adjusted,_Z,Not applicable,2024-08,,132.8158,,A,Normal value,,,2015,,,,2,Two
DATAFLOW,OECD.SDD.TPS:DSD_PRICES@DF_PRICES_ALL(1.0),"Consumer price indices (CPIs, HICPs), COICOP 1999",I,USA,United States,M,Monthly,N,National,CPI,Consumer price index,IX,Index,_T,Total,N,Neither seasonally adjusted nor calendar adjusted,_Z,Not applicable,2024-09,,133.0289,,A,Normal value,,,2015,,,,2,Two
DATAFLOW,OECD.SDD.TPS:DSD_PRICES@DF_PRICES_ALL(1.0),"Consumer price indices (CPIs, HICPs), COICOP 1999",I,USA,United States,M,Monthly,N,National,CPI,Consumer price index,IX,Index,_T,Total,N,Neither seasonally adjusted nor calendar adjusted,_Z,Not applicable,2024-10,,133.182,,A,Normal value,,,2015,,,,2,Two
DATAFLOW,OECD.SDD.TPS:DSD_PRICES@DF_PRICES_ALL(1.0),"Consumer price indices (CPIs, HICPs), COICOP 1999",I,USA,United States,M,Monthly,N,National,CPI,Consumer price index,IX,Index,_T,Total,N,Neither seasonally adjusted nor calendar adjusted,_Z,Not applicable,2024-11,,133.1099,,A,Normal value,,,2015,,,,2,Two
DATAFLOW,OECD.SDD.TPS:DSD_PRICES@DF_PRICES_ALL(1.0),"Consumer price indices (CPIs, HICPs), COICOP 1999",I,USA,United States,M,Monthly,N,National,CPI,Consumer price index,IX,Index,_T,Total,N,Neither seasonally adjusted nor calendar adjusted,_Z,Not applicable,2024-12,,133.1571,,A,Normal value,,,2015,,,,2,Two
DATAFLOW,OECD.SDD.TPS:DSD_PRICES@DF_PRICES_ALL(1.0),"Consumer price indices (CPIs, HICPs), COICOP 1999",I,USA,United States,M,Monthly,N,National,CPI,Consumer price index,IX,Index,_T,Total,N,Neither seasonally adjusted nor calendar adjusted,_Z,Not applicable,2018-07,,106.324,,A,Normal value,,,2015,,,,2,Two
DATAFLOW,OECD.SDD.TPS:DSD_PRICES@DF_PRICES_ALL(1.0),"Consumer price indices (CPIs, HICPs), COICOP 1999",I,USA,United States,M,Monthly,N,National,CPI,Consumer price index,IX,Index,_T,Total,N,Neither seasonally adjusted nor calendar adjusted,_Z,Not applicable,2018-08,,106.3831,,A,Normal value,,,2015,,,,2,Two
DATAFLOW,OECD.SDD.TPS:DSD_PRICES@DF_PRICES_ALL(1.0),"Consumer price indices (CPIs, HICPs), COICOP 1999",I,USA,United States,M,Monthly,N,National,CPI,Consumer price index,IX,Index,_T,Total,N,Neither seasonally adjusted nor calendar adjusted,_Z,Not applicable,2018-09,,106.5067,,A,Normal value,,,2015,,,,2,Two
DATAFLOW,OECD.SDD.TPS:DSD_PRICES@DF_PRICES_ALL(1.0),"Consumer price indices (CPIs, HICPs), COICOP 1999",I,USA,United States,M,Monthly,N,National,CPI,Consumer price index,IX,Index,_T,Total,N,Neither seasonally adjusted nor calendar adjusted,_Z,Not applicable,2018-10,,106.6949,,A,Normal value,,,2015,,,,2,Two
DATAFLOW,OECD.SDD.TPS:DSD_PRICES@DF_PRICES_ALL(1.0),"Consumer price indices (CPIs, HICPs), COICOP 1999",I,USA,United States,M,Monthly,N,National,CPI,Consumer price index,IX,Index,_T,Total,N,Neither seasonally adjusted nor calendar adjusted,_Z,Not applicable,2018-11,,106.3375,,A,Normal value,,,2015,,,,2,Two
DATAFLOW,OECD.SDD.TPS:DSD_PRICES@DF_PRICES_ALL(1.0),"Consumer price indices (CPIs, HICPs), COICOP 1999",I,USA,United States,M,Monthly,N,National,CPI,Consumer price index,IX,Index,_T,Total,N,Neither seasonally adjusted nor calendar adjusted,_Z,Not applicable,2018-12,,105.9979,,A,Normal value,,,2015,,,,2,Two
DATAFLOW,OECD.SDD.TPS:DSD_PRICES@DF_PRICES_ALL(1.0),"Consumer price indices (CPIs, HICPs), COICOP 1999",I,USA,United States,M,Monthly,N,National,CPI,Consumer price index,IX,Index,_T,Total,N,Neither seasonally adjusted nor calendar adjusted,_Z,Not applicable,2019-01,,106.2,,A,Normal value,,,2015,,,,2,Two
DATAFLOW,OECD.SDD.TPS:DSD_PRICES@DF_PRICES_ALL(1.0),"Consumer price indices (CPIs, HICPs), COICOP 1999",I,USA,United States,M,Monthly,N,National,CPI,Consumer price index,IX,Index,_T,Total,N,Neither seasonally adjusted nor calendar adjusted,_Z,Not applicable,2018-04,,105.708,,A,Normal value,,,2015,,,,2,Two
DATAFLOW,OECD.SDD.TPS:DSD_PRICES@DF_PRICES_ALL(1.0),"Consumer price indices (CPIs, HICPs), COICOP 1999",I,USA,United States,M,Monthly,N,National,CPI,Consumer price index,IX,Index,_T,Total,N,Neither seasonally adjusted nor calendar adjusted,_Z,Not applicable,2018-05,,106.1477,,A,Normal value,,,2015,,,,2,Two
DATAFLOW,OECD.SDD.TPS:DSD_PRICES@DF_PRICES_ALL(1.0),"Consumer price indices (CPIs, HICPs), COICOP 1999",I,USA,United States,M,Monthly,N,National,CPI,Consumer price index,IX,Index,_T,Total,N,Neither seasonally adjusted nor calendar adjusted,_Z,Not applicable,2018-06,,106.3168,,A,Normal value,,,2015,,,,2,Two
DATAFLOW,OECD.SDD.TPS:DSD_PRICES@DF_PRICES_ALL(1.0),"Consumer price indices (CPIs, HICPs), COICOP 1999",I,USA,United States,M,Monthly,N,National,CPI,Consumer price index,IX,Index,_T,Total,N,Neither seasonally adjusted nor calendar adjusted,_Z,Not applicable,2014-07,,100.5202,,A,Normal value,,,2015,,,,2,Two
DATAFLOW,OECD.SDD.TPS:DSD_PRICES@DF_PRICES_ALL(1.0),"Consumer price indices (CPIs, HICPs), COICOP 1999",I,USA,United States,M,Monthly,N,National,CPI,Consumer price index,IX,Index,_T,Total,N,Neither seasonally adjusted nor calendar adjusted,_Z,Not applicable,2014-08,,100.3523,,A,Normal value,,,2015,,,,2,Two
DATAFLOW,OECD.SDD.TPS:DSD_PRICES@DF_PRICES_ALL(1.0),"Consumer price indices (CPIs, HICPs), COICOP 1999",I,USA,United States,M,Monthly,N,National,CPI,Consumer price index,IX,Index,_T,Total,N,Neither seasonally adjusted nor calendar adjusted,_Z,Not applicable,2014-09,,100.4278,,A,Normal value,,,2015,,,,2,Two
DATAFLOW,OECD.SDD.TPS:DSD_PRICES@DF_PRICES_ALL(1.0),"Consumer price indices (CPIs, HICPs), COICOP 1999",I,USA,United States,M,Monthly,N,National,CPI,Consumer price index,IX,Index,_T,Total,N,Neither seasonally adjusted nor calendar adjusted,_Z,Not applicable,2014-10,,100.1755,,A,Normal value,,,2015,,,,2,Two
DATAFLOW,OECD.SDD.TPS:DSD_PRICES@DF_PRICES_ALL(1.0),"Consumer price indices (CPIs, HICPs), COICOP 1999",I,USA,United States,M,Monthly,N,National,CPI,Consumer price index,IX,Index,_T,Total,N,Neither seasonally adjusted nor calendar adjusted,_Z,Not applicable,2019-04,,107.8184,,A,Normal value,,,2015,,,,2,Two
